cn_code,value_usd,tonnes,iran_default,status
7201,138183.184,300.391,1.86,official
720241 FeCr,5686364.76,3684.99,2.35,official
7205,20726.895,25.444,1.94,assumed = semis
720711,40777678.299,79555.9,1.94,official
720712,9842651.608,19113.7,1.94,official
720720,4397118.204,6483.43,1.94,official
7213,25115.897,44.74,1.94,assumed
7214,2296427.602,3410.278,1.94,official
7215,3656.451,4.03,1.94,assumed
7216,1305.156,3.54,1.94,assumed
7217,33591.537,44.48,1.94,assumed
7222,652.675,2.101,3.2,official (stainless)
7224,1609630.155,149.848,3.0,assumed = alloy route (F)
7228,750370.574,610.6,3.0,official
