sector,year,eu_imports_usd,source
Iron & Steel,2022,49193690.12,"UN Comtrade, reporter 97 (EU-27), partner 364, flow M, CBAM Annex I codes, CIF USD"
Iron & Steel,2023,31841628.84,"UN Comtrade, reporter 97 (EU-27), partner 364, flow M, CBAM Annex I codes, CIF USD"
Iron & Steel,2024,65583473.0,"UN Comtrade, reporter 97 (EU-27), partner 364, flow M, CBAM Annex I codes, CIF USD"
Steel Articles,2022,6868044.24,"UN Comtrade, reporter 97 (EU-27), partner 364, flow M, CBAM Annex I codes, CIF USD"
Steel Articles,2024,6876413.675,"UN Comtrade, reporter 97 (EU-27), partner 364, flow M, CBAM Annex I codes, CIF USD"
Aluminium,2022,6602989.79,"UN Comtrade, reporter 97 (EU-27), partner 364, flow M, CBAM Annex I codes, CIF USD"
Aluminium,2024,9635280.289,"UN Comtrade, reporter 97 (EU-27), partner 364, flow M, CBAM Annex I codes, CIF USD"
Cement,2022,5257.87,"UN Comtrade, reporter 97 (EU-27), partner 364, flow M, CBAM Annex I codes, CIF USD"
Cement,2024,10948.813,"UN Comtrade, reporter 97 (EU-27), partner 364, flow M, CBAM Annex I codes, CIF USD"
Fertilisers,2022,8382152.31,"UN Comtrade, reporter 97 (EU-27), partner 364, flow M, CBAM Annex I codes, CIF USD"
Fertilisers,2024,135666.607,"UN Comtrade, reporter 97 (EU-27), partner 364, flow M, CBAM Annex I codes, CIF USD"
Hydrogen,2022,0.0,"UN Comtrade, reporter 97 (EU-27), partner 364, flow M, CBAM Annex I codes, CIF USD"
Hydrogen,2024,0.0,"UN Comtrade, reporter 97 (EU-27), partner 364, flow M, CBAM Annex I codes, CIF USD"
