year,share,source
2026,0.975,Regulation (EU) 2023/956 Art. 31; Directive 2003/87/EC Art. 10a(1a)
2027,0.95,Regulation (EU) 2023/956 Art. 31; Directive 2003/87/EC Art. 10a(1a)
2028,0.9,Regulation (EU) 2023/956 Art. 31; Directive 2003/87/EC Art. 10a(1a)
2029,0.775,Regulation (EU) 2023/956 Art. 31; Directive 2003/87/EC Art. 10a(1a)
2030,0.515,Regulation (EU) 2023/956 Art. 31; Directive 2003/87/EC Art. 10a(1a)
2031,0.39,Regulation (EU) 2023/956 Art. 31; Directive 2003/87/EC Art. 10a(1a)
2032,0.265,Regulation (EU) 2023/956 Art. 31; Directive 2003/87/EC Art. 10a(1a)
2033,0.14,Regulation (EU) 2023/956 Art. 31; Directive 2003/87/EC Art. 10a(1a)
2034,0.0,Regulation (EU) 2023/956 Art. 31; Directive 2003/87/EC Art. 10a(1a)
